{"train/train_runtime": 117.0673, "train/train_samples_per_second": 32.033, "train/train_steps_per_second": 4.006, "train/total_flos": 472135316625000.0, "train/train_loss": 0.43802094612040243, "train/epoch": 1.0, "train/global_step": 0, "_timestamp": 1672163945.8878517, "_runtime": 357.5222556591034, "_step": 2, "eval/loss": 0.4179885685443878, "eval/Accuracy": 0.8496, "eval/Precision": 1.0, "eval/Recall": 0.020833333333333332, "eval/f1_score": 0.04081632653061225, "eval/runtime": 4.834, "eval/samples_per_second": 258.585, "eval/steps_per_second": 32.478, "eval/Precision Score": 1.0}