{"train/train_runtime": 110.6683, "train/train_samples_per_second": 33.885, "train/train_steps_per_second": 4.238, "train/total_flos": 472135316625000.0, "train/train_loss": 0.4348703152589452, "train/epoch": 1.0, "train/global_step": 469, "_timestamp": 1672253023.9409308, "_runtime": 112.47665095329285, "_step": 1, "eval/loss": 0.3842964768409729, "eval/Accuracy": 0.8464, "eval/Precision Score": 0.0, "eval/Recall": 0.0, "eval/f1_score": 0.0, "eval/runtime": 4.8718, "eval/samples_per_second": 256.579, "eval/steps_per_second": 32.226}